ds,category_id,category_name,keyword,actual,predicted,forecast_error,forecast_error_abs,forecast_error_pct,rolling_mape_4w,uncertainty_tier,source_id,model
2026-02-15,electronics,Electronics,headphones,30.0,28.983625787345893,1.0163742126541067,1.0163742126541067,3.387914042180355,,high,SRC-TRENDS-001,prophet
2026-02-22,electronics,Electronics,headphones,29.0,28.368474465749003,0.6315255342509971,0.6315255342509971,2.177674256037921,,high,SRC-TRENDS-001,prophet
2026-03-01,electronics,Electronics,headphones,29.0,28.768051908543185,0.2319480914568146,0.2319480914568146,0.799821005023511,,high,SRC-TRENDS-001,prophet
2026-03-08,electronics,Electronics,headphones,29.0,29.559591059378764,-0.5595910593787643,0.5595910593787643,1.9296243426853943,2.0737584114817924,high,SRC-TRENDS-001,prophet
2026-03-15,electronics,Electronics,headphones,32.0,29.48460515118609,2.5153948488139086,2.5153948488139086,7.860608902543453,3.1919321265725693,high,SRC-TRENDS-001,prophet
2026-03-22,electronics,Electronics,headphones,57.0,28.2776222915936,28.7223777084064,28.7223777084064,50.39013633053755,15.245047645197474,high,SRC-TRENDS-001,prophet
2026-03-29,electronics,Electronics,headphones,80.0,27.010324897566797,52.9896751024332,52.9896751024332,66.2370938780415,31.604365863451978,high,SRC-TRENDS-001,prophet
2026-04-05,electronics,Electronics,headphones,88.0,26.7740707791106,61.2259292208894,61.2259292208894,69.57491956919249,48.51568967007876,high,SRC-TRENDS-001,prophet
2026-04-12,electronics,Electronics,headphones,100.0,27.40713668948148,72.59286331051852,72.59286331051852,72.59286331051852,64.69875327207252,high,SRC-TRENDS-001,prophet
2026-04-19,electronics,Electronics,headphones,83.0,27.844637743752948,55.15536225624705,55.15536225624705,66.45224368222536,68.71428010999448,high,SRC-TRENDS-001,prophet
2026-04-26,electronics,Electronics,headphones,67.0,27.581276309804075,39.418723690195925,39.418723690195925,58.833915955516304,66.86348562936317,high,SRC-TRENDS-001,prophet
2026-05-03,electronics,Electronics,headphones,71.0,27.358925698589868,43.64107430141013,43.64107430141013,61.466301832972015,64.83633119530805,high,SRC-TRENDS-001,prophet
2026-05-10,electronics,Electronics,headphones,68.0,28.21008992169126,39.789910078308736,39.789910078308736,58.51457364457167,61.31675877882133,high,SRC-TRENDS-001,prophet
2026-05-17,electronics,Electronics,headphones,48.0,30.062418457990347,17.937581542009653,17.937581542009653,37.36996154585344,54.046188244728356,high,SRC-TRENDS-001,prophet
2026-05-24,electronics,Electronics,headphones,40.0,31.644272198794397,8.355727801205603,8.355727801205603,20.88931950301402,44.56003913160278,high,SRC-TRENDS-001,prophet
2026-05-31,electronics,Electronics,headphones,39.0,31.82498149260361,7.175018507396391,7.175018507396391,18.39748335229844,33.792834511434386,high,SRC-TRENDS-001,prophet
2026-06-07,electronics,Electronics,headphones,45.0,30.81209235349427,14.187907646505732,14.187907646505732,31.528683658901624,27.04636201501688,high,SRC-TRENDS-001,prophet
2026-06-14,electronics,Electronics,headphones,44.0,29.866602710918475,14.133397289081525,14.133397289081525,32.121357475185285,25.734210997349837,high,SRC-TRENDS-001,prophet
2026-06-21,electronics,Electronics,headphones,52.0,29.970540152465503,22.029459847534497,22.029459847534497,42.36434586064327,31.102967586757153,high,SRC-TRENDS-001,prophet
2026-06-28,electronics,Electronics,headphones,33.0,30.98441602944029,2.0155839705597103,2.0155839705597103,6.107830213817315,28.030554302136874,high,SRC-TRENDS-001,prophet
2026-07-05,electronics,Electronics,headphones,31.0,32.06730012950042,-1.067300129500417,1.067300129500417,3.442903643549732,21.0091092982989,high,SRC-TRENDS-001,prophet
2026-07-12,electronics,Electronics,headphones,28.0,32.63533518506931,-4.635335185069309,4.635335185069309,16.554768518104673,17.117462059028743,high,SRC-TRENDS-001,prophet
2026-07-19,electronics,Electronics,headphones,29.0,32.73948342137072,-3.7394834213707213,3.7394834213707213,12.89477041851973,9.75006819849786,high,SRC-TRENDS-001,prophet
2026-07-26,electronics,Electronics,headphones,28.0,32.687370237491535,-4.687370237491535,4.687370237491535,16.7406079910412,12.408262642803832,high,SRC-TRENDS-001,prophet
2026-08-02,electronics,Electronics,headphones,29.0,32.614705904359376,-3.6147059043593757,3.6147059043593757,12.464503118480604,14.663662511536552,high,SRC-TRENDS-001,prophet
2026-08-09,electronics,Electronics,headphones,38.0,32.48980073098693,5.510199269013071,5.510199269013071,14.50052439213966,14.150101480045299,high,SRC-TRENDS-001,prophet
2026-02-15,home_kitchen,Home & Kitchen,air fryer,52.0,54.0506596862326,-2.050659686232599,2.050659686232599,3.943576319678076,,elevated,SRC-TRENDS-001,prophet
2026-02-22,home_kitchen,Home & Kitchen,air fryer,48.0,50.74172991293746,-2.7417299129374584,2.7417299129374584,5.7119373186197056,,elevated,SRC-TRENDS-001,prophet
2026-03-01,home_kitchen,Home & Kitchen,air fryer,48.0,48.0675691147836,-0.06756911478360195,0.06756911478360195,0.140768989132504,,elevated,SRC-TRENDS-001,prophet
2026-03-08,home_kitchen,Home & Kitchen,air fryer,52.0,47.42245403446818,4.577545965531819,4.577545965531819,8.802973010638112,4.649813909517099,elevated,SRC-TRENDS-001,prophet
2026-03-15,home_kitchen,Home & Kitchen,air fryer,50.0,47.688772239803846,2.3112277601961537,2.3112277601961537,4.6224555203923074,4.819533709695658,elevated,SRC-TRENDS-001,prophet
2026-03-22,home_kitchen,Home & Kitchen,air fryer,58.0,47.04784321905408,10.95215678094592,10.95215678094592,18.88302893266538,8.112306613207076,elevated,SRC-TRENDS-001,prophet
2026-03-29,home_kitchen,Home & Kitchen,air fryer,70.0,45.28968091927749,24.710319080722513,24.710319080722513,35.300455829603585,16.90222832332485,elevated,SRC-TRENDS-001,prophet
2026-04-05,home_kitchen,Home & Kitchen,air fryer,78.0,43.78435403087769,34.21564596912231,34.21564596912231,43.86621278092605,25.668038265896833,elevated,SRC-TRENDS-001,prophet
2026-04-12,home_kitchen,Home & Kitchen,air fryer,83.0,43.48277997634973,39.51722002365027,39.51722002365027,47.61110846222924,36.415201501356066,elevated,SRC-TRENDS-001,prophet
2026-04-19,home_kitchen,Home & Kitchen,air fryer,74.0,43.70330777614976,30.296692223850243,30.296692223850243,40.941475978176,41.929813262733724,elevated,SRC-TRENDS-001,prophet
2026-04-26,home_kitchen,Home & Kitchen,air fryer,64.0,43.18972334783973,20.81027665216027,20.81027665216027,32.516057269000434,41.23371362258293,elevated,SRC-TRENDS-001,prophet
2026-05-03,home_kitchen,Home & Kitchen,air fryer,72.0,41.90165570013712,30.09834429986288,30.09834429986288,41.80325597203178,40.71797442035936,elevated,SRC-TRENDS-001,prophet
2026-05-10,home_kitchen,Home & Kitchen,air fryer,67.0,41.14661127010279,25.853388729897212,25.853388729897212,38.58714735805554,38.46198414431594,elevated,SRC-TRENDS-001,prophet
2026-05-17,home_kitchen,Home & Kitchen,air fryer,56.0,41.91178814156809,14.088211858431912,14.088211858431912,25.15752117577127,34.51599544371475,elevated,SRC-TRENDS-001,prophet
2026-05-24,home_kitchen,Home & Kitchen,air fryer,56.0,43.57826096763338,12.421739032366617,12.421739032366617,22.181676843511816,31.932400337342603,elevated,SRC-TRENDS-001,prophet
2026-05-31,home_kitchen,Home & Kitchen,air fryer,51.0,44.655583627929616,6.344416372070384,6.344416372070384,12.440032102098792,24.591594369859358,elevated,SRC-TRENDS-001,prophet
2026-06-07,home_kitchen,Home & Kitchen,air fryer,57.0,44.58298650547983,12.41701349452017,12.41701349452017,21.78423420091258,20.390866080573613,elevated,SRC-TRENDS-001,prophet
2026-06-14,home_kitchen,Home & Kitchen,air fryer,55.0,44.3484642688698,10.651535731130203,10.651535731130203,19.366428602054917,18.943092937144524,elevated,SRC-TRENDS-001,prophet
2026-06-21,home_kitchen,Home & Kitchen,air fryer,60.0,45.22198162482471,14.778018375175293,14.778018375175293,24.630030625292157,19.55518138258961,elevated,SRC-TRENDS-001,prophet
2026-06-28,home_kitchen,Home & Kitchen,air fryer,53.0,47.21267005179009,5.7873299482099085,5.7873299482099085,10.919490468320582,19.175045974145057,elevated,SRC-TRENDS-001,prophet
2026-07-05,home_kitchen,Home & Kitchen,air fryer,49.0,49.06524724681986,-0.06524724681985816,0.06524724681985816,0.1331576465711391,13.762276835559698,elevated,SRC-TRENDS-001,prophet
2026-07-12,home_kitchen,Home & Kitchen,air fryer,49.0,49.64001915588129,-0.6400191558812907,0.6400191558812907,1.306161542614879,9.247210070699689,elevated,SRC-TRENDS-001,prophet
2026-07-19,home_kitchen,Home & Kitchen,air fryer,50.0,48.96252396121367,1.0374760387863304,1.0374760387863304,2.074952077572661,3.6084404337698155,elevated,SRC-TRENDS-001,prophet
2026-07-26,home_kitchen,Home & Kitchen,air fryer,55.0,47.88855905628134,7.111440943718662,7.111440943718662,12.929892624943024,4.111040972925426,elevated,SRC-TRENDS-001,prophet
2026-08-02,home_kitchen,Home & Kitchen,air fryer,53.0,47.0900686019118,5.909931398088197,5.909931398088197,11.150813958656975,6.865455050946885,elevated,SRC-TRENDS-001,prophet
2026-08-09,home_kitchen,Home & Kitchen,air fryer,60.0,46.62804988860081,13.371950111399187,13.371950111399187,22.286583518998647,12.110560545042826,elevated,SRC-TRENDS-001,prophet
2026-02-15,clothing,Clothing & Accessories,running shoes,27.0,21.01987925909105,5.980120740908951,5.980120740908951,22.14859533669981,,high,SRC-TRENDS-001,prophet
2026-02-22,clothing,Clothing & Accessories,running shoes,26.0,21.22208674210962,4.777913257890379,4.777913257890379,18.376589453424536,,high,SRC-TRENDS-001,prophet
2026-03-01,clothing,Clothing & Accessories,running shoes,24.0,21.784578337429675,2.215421662570325,2.215421662570325,9.230923594043022,,high,SRC-TRENDS-001,prophet
2026-03-08,clothing,Clothing & Accessories,running shoes,23.0,22.755819888037475,0.24418011196252465,0.24418011196252465,1.061652660706629,12.704440261218503,high,SRC-TRENDS-001,prophet
2026-03-15,clothing,Clothing & Accessories,running shoes,25.0,23.28512749210739,1.7148725078926113,1.7148725078926113,6.859490031570445,8.882163934936157,high,SRC-TRENDS-001,prophet
2026-03-22,clothing,Clothing & Accessories,running shoes,37.0,22.772496339455778,14.227503660544222,14.227503660544222,38.45271259606547,13.901194720596388,high,SRC-TRENDS-001,prophet
2026-03-29,clothing,Clothing & Accessories,running shoes,71.0,21.74134189267823,49.25865810732177,49.25865810732177,69.37839170045321,28.938061747198933,high,SRC-TRENDS-001,prophet
2026-04-05,clothing,Clothing & Accessories,running shoes,93.0,21.29513757016016,71.70486242983984,71.70486242983984,77.102002612731,47.94814923520503,high,SRC-TRENDS-001,prophet
2026-04-12,clothing,Clothing & Accessories,running shoes,100.0,21.82915554279711,78.17084445720289,78.17084445720289,78.17084445720289,65.77598784161314,high,SRC-TRENDS-001,prophet
2026-04-19,clothing,Clothing & Accessories,running shoes,74.0,22.59953580822862,51.40046419177138,51.40046419177138,69.460086745637,73.52783137900603,high,SRC-TRENDS-001,prophet
2026-04-26,clothing,Clothing & Accessories,running shoes,61.0,22.66029765387625,38.33970234612375,38.33970234612375,62.85197105921927,71.89622621869754,high,SRC-TRENDS-001,prophet
2026-05-03,clothing,Clothing & Accessories,running shoes,63.0,21.984217897340084,41.01578210265991,41.01578210265991,65.10441603596811,68.89682957450681,high,SRC-TRENDS-001,prophet
2026-05-10,clothing,Clothing & Accessories,running shoes,74.0,21.411256608071152,52.588743391928844,52.588743391928844,71.06586944855249,67.12058582234421,high,SRC-TRENDS-001,prophet
2026-05-17,clothing,Clothing & Accessories,running shoes,68.0,21.56934496250671,46.43065503749329,46.43065503749329,68.28037505513718,66.82565789971926,high,SRC-TRENDS-001,prophet
2026-05-24,clothing,Clothing & Accessories,running shoes,46.0,22.15040631942894,23.84959368057106,23.84959368057106,51.84694278385014,64.07440083087698,high,SRC-TRENDS-001,prophet
2026-05-31,clothing,Clothing & Accessories,running shoes,46.0,22.38397464332144,23.61602535667856,23.61602535667856,51.33918555799688,60.63309321138417,high,SRC-TRENDS-001,prophet
2026-06-07,clothing,Clothing & Accessories,running shoes,55.0,22.013825368072,32.986174631928,32.986174631928,59.9748629671418,57.86034159103149,high,SRC-TRENDS-001,prophet
2026-06-14,clothing,Clothing & Accessories,running shoes,52.0,21.53153597097849,30.46846402902151,30.46846402902151,58.59320005581059,55.438547841199856,high,SRC-TRENDS-001,prophet
2026-06-21,clothing,Clothing & Accessories,running shoes,52.0,21.473626830139526,30.526373169860474,30.526373169860474,58.70456378819322,57.15295309228563,high,SRC-TRENDS-001,prophet
2026-06-28,clothing,Clothing & Accessories,running shoes,30.0,21.791085487331056,8.208914512668944,8.208914512668944,27.36304837556315,51.1589187966772,high,SRC-TRENDS-001,prophet
2026-07-05,clothing,Clothing & Accessories,running shoes,28.0,22.09671899305592,5.903281006944081,5.903281006944081,21.08314645337173,41.43598966823467,high,SRC-TRENDS-001,prophet
2026-07-12,clothing,Clothing & Accessories,running shoes,21.0,22.346108924355395,-1.346108924355395,1.346108924355395,6.410042496930453,28.390200278514634,high,SRC-TRENDS-001,prophet
2026-07-19,clothing,Clothing & Accessories,running shoes,22.0,22.93090733475607,-0.9309073347560712,0.9309073347560712,4.23139697616396,14.77190857550732,high,SRC-TRENDS-001,prophet
2026-07-26,clothing,Clothing & Accessories,running shoes,23.0,24.01854541157252,-1.0185454115725214,1.0185454115725214,4.42845831118486,9.03826105941275,high,SRC-TRENDS-001,prophet
2026-08-02,clothing,Clothing & Accessories,running shoes,24.0,25.069260780538503,-1.069260780538503,1.069260780538503,4.455253252243763,4.881287759130763,high,SRC-TRENDS-001,prophet
2026-08-09,clothing,Clothing & Accessories,running shoes,39.0,25.28298298530538,13.717017014694619,13.717017014694619,35.171838499216975,12.071736759702393,high,SRC-TRENDS-001,prophet
2026-02-15,health,Health & Personal Care,vitamins,69.0,68.96195078201045,0.03804921798955263,0.03804921798955263,0.0551437941877574,,standard,SRC-TRENDS-001,prophet
2026-02-22,health,Health & Personal Care,vitamins,73.0,68.78277601368984,4.2172239863101595,4.2172239863101595,5.777019159328986,,standard,SRC-TRENDS-001,prophet
2026-03-01,health,Health & Personal Care,vitamins,73.0,67.6659254596995,5.334074540300506,5.334074540300506,7.306951425069186,,standard,SRC-TRENDS-001,prophet
2026-03-08,health,Health & Personal Care,vitamins,70.0,66.98835881167862,3.011641188321377,3.011641188321377,4.302344554744825,4.3603647333326885,standard,SRC-TRENDS-001,prophet
2026-03-15,health,Health & Personal Care,vitamins,67.0,67.09541114949691,-0.09541114949691121,0.09541114949691121,0.1424047007416585,4.382179959971164,standard,SRC-TRENDS-001,prophet
2026-03-22,health,Health & Personal Care,vitamins,70.0,66.84944324395819,3.1505567560418086,3.1505567560418086,4.500795365774012,4.0631240115824205,standard,SRC-TRENDS-001,prophet
2026-03-29,health,Health & Personal Care,vitamins,73.0,65.30615359192079,7.69384640807921,7.69384640807921,10.539515627505768,4.871265062191565,standard,SRC-TRENDS-001,prophet
2026-04-05,health,Health & Personal Care,vitamins,75.0,63.15357450848935,11.84642549151065,11.84642549151065,15.795233988680868,7.7444874206755765,standard,SRC-TRENDS-001,prophet
2026-04-12,health,Health & Personal Care,vitamins,77.0,61.97096039759847,15.029039602401532,15.029039602401532,19.51823324987212,12.588444557958193,standard,SRC-TRENDS-001,prophet
2026-04-19,health,Health & Personal Care,vitamins,75.0,62.26516064037951,12.734839359620487,12.734839359620487,16.979785812827316,15.708192169721519,standard,SRC-TRENDS-001,prophet
2026-04-26,health,Health & Personal Care,vitamins,77.0,62.81391535720163,14.18608464279837,14.18608464279837,18.423486549088796,17.679184900117274,standard,SRC-TRENDS-001,prophet
2026-05-03,health,Health & Personal Care,vitamins,81.0,62.145720351715006,18.854279648284994,18.854279648284994,23.276888454672832,19.549598516615266,standard,SRC-TRENDS-001,prophet
2026-05-10,health,Health & Personal Care,vitamins,82.0,60.28908750363944,21.710912496360557,21.710912496360557,26.476722556537265,21.289220843281548,standard,SRC-TRENDS-001,prophet
2026-05-17,health,Health & Personal Care,vitamins,80.0,58.66193811044348,21.33806188955652,21.33806188955652,26.67257736194565,23.712418730561133,standard,SRC-TRENDS-001,prophet
2026-05-24,health,Health & Personal Care,vitamins,71.0,58.35905501597051,12.640944984029488,12.640944984029488,17.804147864830266,23.557584059496502,standard,SRC-TRENDS-001,prophet
2026-05-31,health,Health & Personal Care,vitamins,69.0,59.01498384594274,9.985016154057263,9.985016154057263,14.471037904430816,21.356121421936,standard,SRC-TRENDS-001,prophet
2026-06-07,health,Health & Personal Care,vitamins,70.0,59.5171198286256,10.482880171374397,10.482880171374397,14.975543101963437,18.48082655829254,standard,SRC-TRENDS-001,prophet
2026-06-14,health,Health & Personal Care,vitamins,73.0,59.451389852534746,13.548610147465254,13.548610147465254,18.559739928034595,16.452617199814775,standard,SRC-TRENDS-001,prophet
2026-06-21,health,Health & Personal Care,vitamins,83.0,59.398311044744304,23.601688955255696,23.601688955255696,28.435769825609277,19.110522690009528,standard,SRC-TRENDS-001,prophet
2026-06-28,health,Health & Personal Care,vitamins,64.0,59.88981491458466,4.110185085415338,4.110185085415338,6.422164195961466,17.09830426289219,standard,SRC-TRENDS-001,prophet
2026-07-05,health,Health & Personal Care,vitamins,72.0,60.60509892122887,11.394901078771127,11.394901078771127,15.826251498293242,17.31098136197464,standard,SRC-TRENDS-001,prophet
2026-07-12,health,Health & Personal Care,vitamins,100.0,60.90515765216991,39.09484234783009,39.09484234783009,39.094842347830095,22.444756966923517,standard,SRC-TRENDS-001,prophet
2026-07-19,health,Health & Personal Care,vitamins,80.0,60.85958747937255,19.14041252062745,19.14041252062745,23.925515650784316,21.317193423217272,standard,SRC-TRENDS-001,prophet
2026-07-26,health,Health & Personal Care,vitamins,62.0,61.22220428620993,0.77779571379007,0.77779571379007,1.2545092157904354,20.025279678174517,standard,SRC-TRENDS-001,prophet
2026-08-02,health,Health & Personal Care,vitamins,58.0,62.31115932425912,-4.311159324259123,4.311159324259123,7.43303331768813,17.926975133023245,standard,SRC-TRENDS-001,prophet
2026-08-09,health,Health & Personal Care,vitamins,58.0,63.35974994997075,-5.359749949970748,5.359749949970748,9.24094818960474,10.463501593466907,standard,SRC-TRENDS-001,prophet
2026-02-15,garden,"Patio, Lawn & Garden",lawn mower,20.0,15.517575111199646,4.482424888800354,4.482424888800354,22.412124444001773,,elevated,SRC-TRENDS-001,prophet
2026-02-22,garden,"Patio, Lawn & Garden",lawn mower,22.0,19.469848570688185,2.5301514293118146,2.5301514293118146,11.500688315053702,,elevated,SRC-TRENDS-001,prophet
2026-03-01,garden,"Patio, Lawn & Garden",lawn mower,27.0,24.37957699730499,2.6204230026950093,2.6204230026950093,9.705270380351887,,elevated,SRC-TRENDS-001,prophet
2026-03-08,garden,"Patio, Lawn & Garden",lawn mower,38.0,29.09723934676625,8.902760653233749,8.902760653233749,23.428317508509867,16.761600161979306,elevated,SRC-TRENDS-001,prophet
2026-03-15,garden,"Patio, Lawn & Garden",lawn mower,41.0,33.38928332566717,7.610716674332828,7.610716674332828,18.56272359593373,15.799249949962297,elevated,SRC-TRENDS-001,prophet
2026-03-22,garden,"Patio, Lawn & Garden",lawn mower,55.0,38.37669816037321,16.62330183962679,16.62330183962679,30.2241851629578,20.480124161938317,elevated,SRC-TRENDS-001,prophet
2026-03-29,garden,"Patio, Lawn & Garden",lawn mower,75.0,45.27455119966773,29.725448800332273,29.725448800332273,39.633931733776365,27.96228950029444,elevated,SRC-TRENDS-001,prophet
2026-04-05,garden,"Patio, Lawn & Garden",lawn mower,93.0,53.76722750122803,39.23277249877197,39.23277249877197,42.18577688039997,32.65165434326697,elevated,SRC-TRENDS-001,prophet
2026-04-12,garden,"Patio, Lawn & Garden",lawn mower,100.0,61.924705034916485,38.075294965083515,38.075294965083515,38.07529496508352,37.529797185554415,elevated,SRC-TRENDS-001,prophet
2026-04-19,garden,"Patio, Lawn & Garden",lawn mower,93.0,67.83686571348115,25.163134286518854,25.163134286518854,27.05713364141812,36.7380343051695,elevated,SRC-TRENDS-001,prophet
2026-04-26,garden,"Patio, Lawn & Garden",lawn mower,78.0,71.14099006498947,6.859009935010533,6.859009935010533,8.793602480782734,29.027951991921086,elevated,SRC-TRENDS-001,prophet
2026-05-03,garden,"Patio, Lawn & Garden",lawn mower,73.0,72.76740014976163,0.2325998502383726,0.2325998502383726,0.3186299318333871,18.56116525477944,elevated,SRC-TRENDS-001,prophet
2026-05-10,garden,"Patio, Lawn & Garden",lawn mower,81.0,73.36458724163774,7.635412758362264,7.635412758362264,9.426435504150945,11.398950389546297,elevated,SRC-TRENDS-001,prophet
2026-05-17,garden,"Patio, Lawn & Garden",lawn mower,90.0,72.40391798518506,17.59608201481494,17.59608201481494,19.551202238683267,9.522467538862584,elevated,SRC-TRENDS-001,prophet
2026-05-24,garden,"Patio, Lawn & Garden",lawn mower,83.0,69.05678115479617,13.94321884520383,13.94321884520383,16.79905884964317,11.523831631077691,elevated,SRC-TRENDS-001,prophet
2026-05-31,garden,"Patio, Lawn & Garden",lawn mower,86.0,63.72230920943528,22.27769079056472,22.27769079056472,25.904291616935726,17.92024705235327,elevated,SRC-TRENDS-001,prophet
2026-06-07,garden,"Patio, Lawn & Garden",lawn mower,80.0,58.26635327119459,21.73364672880541,21.73364672880541,27.16705841100676,22.35540277906723,elevated,SRC-TRENDS-001,prophet
2026-06-14,garden,"Patio, Lawn & Garden",lawn mower,81.0,54.57191747466164,26.42808252533836,26.42808252533836,32.62726237696094,25.624417813636647,elevated,SRC-TRENDS-001,prophet
2026-06-21,garden,"Patio, Lawn & Garden",lawn mower,78.0,52.99423211525317,25.00576788474683,25.00576788474683,32.05867677531645,29.43932229505497,elevated,SRC-TRENDS-001,prophet
2026-06-28,garden,"Patio, Lawn & Garden",lawn mower,61.0,52.380317976432096,8.619682023567904,8.619682023567904,14.130626268144104,26.49590595785706,elevated,SRC-TRENDS-001,prophet
2026-07-05,garden,"Patio, Lawn & Garden",lawn mower,55.0,51.47336052117936,3.526639478820641,3.526639478820641,6.4120717796738935,21.307159300023848,elevated,SRC-TRENDS-001,prophet
2026-07-12,garden,"Patio, Lawn & Garden",lawn mower,51.0,50.046223335105125,0.9537766648948747,0.9537766648948747,1.870150323323284,13.617881286614434,elevated,SRC-TRENDS-001,prophet
2026-07-19,garden,"Patio, Lawn & Garden",lawn mower,52.0,48.663058944468006,3.3369410555319945,3.3369410555319945,6.417194337561528,7.207510677175702,elevated,SRC-TRENDS-001,prophet
2026-07-26,garden,"Patio, Lawn & Garden",lawn mower,51.0,47.67691334771628,3.3230866522837204,3.3230866522837204,6.515856180948472,5.303818155376794,elevated,SRC-TRENDS-001,prophet
2026-08-02,garden,"Patio, Lawn & Garden",lawn mower,50.0,46.79135932347092,3.208640676529079,3.208640676529079,6.417281353058158,5.3051205487228605,elevated,SRC-TRENDS-001,prophet
2026-08-09,garden,"Patio, Lawn & Garden",lawn mower,53.0,45.54524449551597,7.454755504484027,7.454755504484027,14.065576423554768,8.353977073780731,elevated,SRC-TRENDS-001,prophet
2026-02-15,toys,Toys & Games,toys,51.0,41.27579020823921,9.724209791760792,9.724209791760792,19.067078023060372,,elevated,SRC-TRENDS-001,prophet
2026-02-22,toys,Toys & Games,toys,48.0,41.987174312363535,6.0128256876364645,6.0128256876364645,12.526720182575968,,elevated,SRC-TRENDS-001,prophet
2026-03-01,toys,Toys & Games,toys,46.0,42.32628323181111,3.673716768188889,3.673716768188889,7.986340800410628,,elevated,SRC-TRENDS-001,prophet
2026-03-08,toys,Toys & Games,toys,48.0,42.05118733252143,5.94881266747857,5.94881266747857,12.393359723913688,12.993374682490167,elevated,SRC-TRENDS-001,prophet
2026-03-15,toys,Toys & Games,toys,49.0,41.929581235491824,7.070418764508176,7.070418764508176,14.429426050016684,11.833961689229243,elevated,SRC-TRENDS-001,prophet
2026-03-22,toys,Toys & Games,toys,52.0,42.55297245332778,9.447027546672217,9.447027546672217,18.16736066667734,13.244121810254587,elevated,SRC-TRENDS-001,prophet
2026-03-29,toys,Toys & Games,toys,63.0,43.37407382777883,19.62592617222117,19.62592617222117,31.152263765430423,19.035602551509534,elevated,SRC-TRENDS-001,prophet
2026-04-05,toys,Toys & Games,toys,64.0,43.28668335001952,20.713316649980477,20.713316649980477,32.3645572655945,24.028401936929736,elevated,SRC-TRENDS-001,prophet
2026-04-12,toys,Toys & Games,toys,65.0,41.992510333880126,23.007489666119874,23.007489666119874,35.396137947876724,29.27007991139475,elevated,SRC-TRENDS-001,prophet
2026-04-19,toys,Toys & Games,toys,56.0,40.40644928467362,15.59355071532638,15.59355071532638,27.84562627736853,31.689646314067545,elevated,SRC-TRENDS-001,prophet
2026-04-26,toys,Toys & Games,toys,54.0,39.63282290486194,14.36717709513806,14.36717709513806,26.60588350951493,30.55305125008867,elevated,SRC-TRENDS-001,prophet
2026-05-03,toys,Toys & Games,toys,57.0,39.83704708554187,17.16295291445813,17.16295291445813,30.11044370957567,29.989522861083962,elevated,SRC-TRENDS-001,prophet
2026-05-10,toys,Toys & Games,toys,62.0,40.350079883099184,21.649920116900816,21.649920116900816,34.91922599500132,29.870294872865117,elevated,SRC-TRENDS-001,prophet
2026-05-17,toys,Toys & Games,toys,55.0,40.69421964615721,14.305780353842792,14.305780353842792,26.010509734259625,29.411515737087885,elevated,SRC-TRENDS-001,prophet
2026-05-24,toys,Toys & Games,toys,49.0,41.12260121754664,7.877398782453362,7.877398782453362,16.07632404582319,26.77912587116495,elevated,SRC-TRENDS-001,prophet
2026-05-31,toys,Toys & Games,toys,50.0,42.06581698903602,7.934183010963977,7.934183010963977,15.868366021927956,23.21860644925302,elevated,SRC-TRENDS-001,prophet
2026-06-07,toys,Toys & Games,toys,54.0,43.38205219339682,10.617947806603183,10.617947806603183,19.6628663085244,19.404516527633792,elevated,SRC-TRENDS-001,prophet
2026-06-14,toys,Toys & Games,toys,51.0,44.48688136597698,6.513118634023023,6.513118634023023,12.770820851025524,16.09459430682527,elevated,SRC-TRENDS-001,prophet
2026-06-21,toys,Toys & Games,toys,55.0,45.14341979877887,9.856580201221128,9.856580201221128,17.921054911311156,16.55577702319726,elevated,SRC-TRENDS-001,prophet
2026-06-28,toys,Toys & Games,toys,47.0,45.75653821846233,1.2434617815376683,1.2434617815376683,2.645663364973762,13.250101358958712,elevated,SRC-TRENDS-001,prophet
2026-07-05,toys,Toys & Games,toys,49.0,46.72263163888926,2.2773683611107387,2.2773683611107387,4.647690532879058,9.496307415047372,elevated,SRC-TRENDS-001,prophet
2026-07-12,toys,Toys & Games,toys,47.0,47.743063752345385,-0.7430637523453854,0.7430637523453854,1.5809867071178412,6.698848879070452,elevated,SRC-TRENDS-001,prophet
2026-07-19,toys,Toys & Games,toys,48.0,48.11415120413228,-0.11415120413227697,0.11415120413227697,0.2378150086089103,2.278038903394893,elevated,SRC-TRENDS-001,prophet
2026-07-26,toys,Toys & Games,toys,47.0,47.66575388832735,-0.6657538883273517,0.6657538883273517,1.4164976347390463,1.9707474708362138,elevated,SRC-TRENDS-001,prophet
2026-08-02,toys,Toys & Games,toys,45.0,47.05622742906873,-2.056227429068727,2.056227429068727,4.569394286819393,1.9511734093212978,elevated,SRC-TRENDS-001,prophet
2026-08-09,toys,Toys & Games,toys,44.0,46.929650348236464,-2.929650348236464,2.929650348236464,6.658296245991964,3.220500794039828,elevated,SRC-TRENDS-001,prophet
